year,state,age_group,sex,population_estimate,diabetes_prevalence_pct,cvd_prevalence_pct,mental_health_prevalence_pct,obesity_prevalence_pct
2013,NSW,0-14,Male,665333,0.31,0.15,10.38,19.96
2013,NSW,0-14,Female,692248,0.24,0.09,14.66,18.57
2013,NSW,15-24,Male,661770,0.84,0.55,28.35,30.3
2013,NSW,15-24,Female,675169,0.7,0.34,42.91,30.2
2013,NSW,25-44,Male,667874,2.44,2.22,23.9,32.84
2013,NSW,25-44,Female,690036,1.93,1.33,34.37,31.1
2013,NSW,45-64,Male,694785,11.0,11.89,15.42,32.95
2013,NSW,45-64,Female,667789,8.55,6.97,21.75,30.61
2013,NSW,65-74,Male,666436,21.65,30.0,10.4,33.35
2013,NSW,65-74,Female,678788,16.9,17.7,14.73,31.1
2013,NSW,75+,Male,670213,25.0,30.0,8.48,32.62
2013,NSW,75+,Female,677366,20.55,29.15,12.44,31.52
2013,VIC,0-14,Male,547260,0.3,0.15,10.08,19.38
2013,VIC,0-14,Female,555169,0.24,0.09,14.53,18.41
2013,VIC,15-24,Male,555890,0.93,0.6,31.26,33.41
2013,VIC,15-24,Female,546661,0.76,0.37,45.0,32.62
2013,VIC,25-44,Male,542171,2.39,2.18,23.43,32.19
2013,VIC,25-44,Female,563586,1.91,1.31,34.02,30.79
2013,VIC,45-64,Male,541880,10.92,11.8,15.31,32.72
2013,VIC,45-64,Female,558313,8.12,6.61,20.64,29.06
2013,VIC,65-74,Male,557128,21.97,30.0,10.56,33.84
2013,VIC,65-74,Female,553700,15.89,16.64,13.85,29.25
2013,VIC,75+,Male,553552,25.0,30.0,8.58,33.02
2013,VIC,75+,Female,553606,20.27,28.76,12.27,31.1
2013,QLD,0-14,Male,444107,0.31,0.15,10.53,20.25
2013,QLD,0-14,Female,449107,0.24,0.09,14.4,18.24
2013,QLD,15-24,Male,440672,0.86,0.56,28.96,30.95
2013,QLD,15-24,Female,437841,0.69,0.34,41.89,29.48
2013,QLD,25-44,Male,456768,2.41,2.2,23.66,32.5
2013,QLD,25-44,Female,452097,1.8,1.24,32.06,29.01
2013,QLD,45-64,Male,440537,10.23,11.06,14.34,30.65
2013,QLD,45-64,Female,448708,8.45,6.88,21.49,30.24
2013,QLD,65-74,Male,450545,21.94,30.0,10.54,33.8
2013,QLD,65-74,Female,439407,16.1,16.86,14.03,29.63
2013,QLD,75+,Male,441811,25.0,30.0,8.84,33.99
2013,QLD,75+,Female,433455,18.59,26.37,11.25,28.51
2013,WA,0-14,Male,234390,0.29,0.14,9.87,18.99
2013,WA,0-14,Female,235288,0.23,0.09,14.31,18.13
2013,WA,15-24,Male,232819,0.9,0.58,30.23,32.3
2013,WA,15-24,Female,230647,0.72,0.35,43.76,30.8
2013,WA,25-44,Male,229010,2.48,2.26,24.36,33.47
2013,WA,25-44,Female,230311,1.84,1.26,32.72,29.61
2013,WA,45-64,Male,234343,10.45,11.29,14.64,31.29
2013,WA,45-64,Female,232141,8.24,6.71,20.95,29.48
2013,WA,65-74,Male,234155,21.74,30.0,10.45,33.5
2013,WA,65-74,Female,231626,16.76,17.56,14.61,30.85
2013,WA,75+,Male,231713,25.0,30.0,8.4,32.31
2013,WA,75+,Female,225366,18.27,25.91,11.06,28.02
2013,SA,0-14,Male,148666,0.29,0.14,9.71,18.68
2013,SA,0-14,Female,148944,0.24,0.09,14.46,18.32
2013,SA,15-24,Male,155633,0.9,0.58,30.29,32.37
2013,SA,15-24,Female,153929,0.69,0.34,42.08,29.62
2013,SA,25-44,Male,151068,2.35,2.14,23.03,31.64
2013,SA,25-44,Female,150663,1.79,1.23,31.94,28.91
2013,SA,45-64,Male,146451,11.34,12.25,15.89,33.97
2013,SA,45-64,Female,152412,8.54,6.96,21.72,30.57
2013,SA,65-74,Male,147304,20.83,28.94,10.01,32.08
2013,SA,65-74,Female,150085,16.37,17.15,14.27,30.13
2013,SA,75+,Male,151757,25.0,30.0,8.62,33.17
2013,SA,75+,Female,150965,20.84,29.57,12.62,31.97
2013,TAS,0-14,Male,47795,0.29,0.14,9.83,18.91
2013,TAS,0-14,Female,48919,0.24,0.09,14.36,18.19
2013,TAS,15-24,Male,47964,0.94,0.61,31.78,33.96
2013,TAS,15-24,Female,46492,0.74,0.36,45.0,31.81
2013,TAS,25-44,Male,46742,2.38,2.17,23.31,32.02
2013,TAS,25-44,Female,46313,1.84,1.26,32.69,29.58
2013,TAS,45-64,Male,47413,11.25,12.16,15.77,33.7
2013,TAS,45-64,Female,46657,7.9,6.44,20.09,28.28
2013,TAS,65-74,Male,48423,21.6,30.0,10.38,33.28
2013,TAS,65-74,Female,50400,17.63,18.47,15.37,32.45
2013,TAS,75+,Male,46682,25.0,30.0,8.68,33.41
2013,TAS,75+,Female,47879,17.92,25.42,10.85,27.49
2013,ACT,0-14,Male,37742,0.29,0.14,9.92,19.08
2013,ACT,0-14,Female,37951,0.23,0.08,13.88,17.59
2013,ACT,15-24,Male,38177,0.95,0.62,32.06,34.27
2013,ACT,15-24,Female,37270,0.7,0.34,42.42,29.86
2013,ACT,25-44,Male,37688,2.27,2.07,22.32,30.66
2013,ACT,25-44,Female,39404,1.86,1.28,33.13,29.98
2013,ACT,45-64,Male,38806,11.03,11.92,15.46,33.04
2013,ACT,45-64,Female,37156,8.23,6.7,20.92,29.45
2013,ACT,65-74,Male,37506,20.51,28.5,9.86,31.6
2013,ACT,65-74,Female,37433,17.71,18.56,15.44,32.61
2013,ACT,75+,Male,37371,25.0,30.0,8.83,33.97
2013,ACT,75+,Female,38351,20.32,28.82,12.3,31.17
2013,NT,0-14,Male,20749,0.3,0.15,10.19,19.6
2013,NT,0-14,Female,20951,0.23,0.08,13.86,17.56
2013,NT,15-24,Male,20257,0.9,0.58,30.19,32.27
2013,NT,15-24,Female,20838,0.66,0.32,40.51,28.51
2013,NT,25-44,Male,20833,2.59,2.36,25.43,34.94
2013,NT,25-44,Female,20885,1.86,1.28,33.05,29.91
2013,NT,45-64,Male,20857,11.54,12.48,16.18,34.58
2013,NT,45-64,Female,21226,8.26,6.73,21.0,29.55
2013,NT,65-74,Male,21404,21.7,30.0,10.43,33.43
2013,NT,65-74,Female,20258,16.44,17.23,14.34,30.27
2013,NT,75+,Male,21452,24.2,30.0,8.08,31.07
2013,NT,75+,Female,20692,20.94,29.7,12.68,32.12
2014,NSW,0-14,Male,699326,0.3,0.15,10.35,19.57
2014,NSW,0-14,Female,667307,0.23,0.08,13.94,17.37
2014,NSW,15-24,Male,674104,0.95,0.61,32.33,33.98
2014,NSW,15-24,Female,677245,0.71,0.34,43.75,30.28
2014,NSW,25-44,Male,698593,2.51,2.24,24.85,33.58
2014,NSW,25-44,Female,688217,1.9,1.28,34.16,30.4
2014,NSW,45-64,Male,678804,10.22,10.83,14.47,30.41
2014,NSW,45-64,Female,662903,8.23,6.58,21.14,29.27
2014,NSW,65-74,Male,674926,20.89,28.46,10.14,31.96
2014,NSW,65-74,Female,661441,17.18,17.64,15.12,31.4
2014,NSW,75+,Male,672887,25.0,30.0,8.77,33.17
2014,NSW,75+,Female,693093,19.62,27.29,12.0,29.89
2014,VIC,0-14,Male,565883,0.32,0.15,10.73,20.3
2014,VIC,0-14,Female,543470,0.24,0.08,14.5,18.06
2014,VIC,15-24,Male,553814,0.92,0.58,31.24,32.83
2014,VIC,15-24,Female,539188,0.72,0.34,44.07,30.5
2014,VIC,25-44,Male,553657,2.48,2.22,24.61,33.25
2014,VIC,25-44,Female,571829,2.08,1.4,37.46,33.34
2014,VIC,45-64,Male,547973,10.76,11.39,15.22,32.0
2014,VIC,45-64,Female,544630,8.02,6.41,20.6,28.52
2014,VIC,65-74,Male,564433,21.93,29.86,10.64,33.55
2014,VIC,65-74,Female,543931,16.09,16.52,14.16,29.41
2014,VIC,75+,Male,549348,23.75,30.0,8.0,30.28
2014,VIC,75+,Female,545305,19.04,26.47,11.64,29.0
2014,QLD,0-14,Male,442672,0.3,0.14,10.14,19.18
2014,QLD,0-14,Female,430495,0.22,0.08,13.56,16.9
2014,QLD,15-24,Male,432088,1.01,0.64,34.21,35.95
2014,QLD,15-24,Female,459802,0.68,0.33,41.84,28.96
2014,QLD,25-44,Male,433116,2.76,2.47,27.37,36.98
2014,QLD,25-44,Female,446537,1.87,1.26,33.53,29.84
2014,QLD,45-64,Male,434754,11.91,12.61,16.85,35.42
2014,QLD,45-64,Female,450403,8.44,6.74,21.67,29.99
2014,QLD,65-74,Male,440171,22.03,30.0,10.69,33.7
2014,QLD,65-74,Female,431312,16.48,16.92,14.51,30.13
2014,QLD,75+,Male,441145,25.0,30.0,8.67,32.81
2014,QLD,75+,Female,438582,20.07,27.91,12.27,30.57
2014,WA,0-14,Male,236784,0.32,0.15,10.71,20.25
2014,WA,0-14,Female,233716,0.24,0.09,14.68,18.29
2014,WA,15-24,Male,232083,0.93,0.59,31.59,33.2
2014,WA,15-24,Female,233552,0.69,0.33,42.5,29.41
2014,WA,25-44,Male,241799,2.46,2.2,24.42,33.0
2014,WA,25-44,Female,233874,2.01,1.36,36.18,32.19
2014,WA,45-64,Male,226919,10.8,11.44,15.28,32.12
2014,WA,45-64,Female,233302,8.93,7.13,22.92,31.73
2014,WA,65-74,Male,223985,22.07,30.0,10.71,33.76
2014,WA,65-74,Female,234192,17.18,17.65,15.13,31.41
2014,WA,75+,Male,229894,24.83,30.0,8.37,31.66
2014,WA,75+,Female,232326,20.09,27.94,12.28,30.61
2014,SA,0-14,Male,151377,0.31,0.15,10.38,19.64
2014,SA,0-14,Female,152154,0.23,0.08,14.44,17.99
2014,SA,15-24,Male,143904,0.98,0.62,33.38,35.08
2014,SA,15-24,Female,152227,0.7,0.34,43.35,30.0
2014,SA,25-44,Male,150563,2.5,2.24,24.81,33.52
2014,SA,25-44,Female,152686,1.76,1.19,31.64,28.16
2014,SA,45-64,Male,147038,11.9,12.61,16.85,35.42
2014,SA,45-64,Female,150694,8.82,7.04,22.64,31.33
2014,SA,65-74,Male,148497,21.6,29.42,10.48,33.05
2014,SA,65-74,Female,155635,16.35,16.79,14.39,29.88
2014,SA,75+,Male,156947,25.0,30.0,8.96,33.9
2014,SA,75+,Female,153023,20.82,28.95,12.73,31.71
2014,TAS,0-14,Male,48043,0.33,0.16,11.24,21.26
2014,TAS,0-14,Female,47342,0.24,0.09,15.07,18.77
2014,TAS,15-24,Male,46960,0.93,0.59,31.61,33.22
2014,TAS,15-24,Female,46502,0.74,0.35,45.0,31.49
2014,TAS,25-44,Male,47443,2.55,2.28,25.28,34.16
2014,TAS,25-44,Female,48340,1.98,1.34,35.63,31.71
2014,TAS,45-64,Male,48321,11.95,12.66,16.91,35.54
2014,TAS,45-64,Female,47561,7.99,6.38,20.5,28.38
2014,TAS,65-74,Male,47131,20.64,28.11,10.01,31.57
2014,TAS,65-74,Female,48232,17.57,18.04,15.47,32.12
2014,TAS,75+,Male,46659,25.0,30.0,8.51,32.2
2014,TAS,75+,Female,46466,19.91,27.68,12.17,30.33
2014,ACT,0-14,Male,38295,0.3,0.14,10.23,19.34
2014,ACT,0-14,Female,38521,0.25,0.09,15.26,19.01
2014,ACT,15-24,Male,38290,0.84,0.54,28.63,30.09
2014,ACT,15-24,Female,38373,0.71,0.34,43.89,30.38
2014,ACT,25-44,Male,36487,2.63,2.35,26.1,35.27
2014,ACT,25-44,Female,38508,1.85,1.25,33.23,29.57
2014,ACT,45-64,Male,39181,10.43,11.05,14.76,31.03
2014,ACT,45-64,Female,38702,8.65,6.91,22.2,30.73
2014,ACT,65-74,Male,38677,21.16,28.82,10.27,32.37
2014,ACT,65-74,Female,38235,17.28,17.74,15.21,31.58
2014,ACT,75+,Male,38264,25.0,30.0,8.84,33.44
2014,ACT,75+,Female,37946,19.2,26.69,11.74,29.24
2014,NT,0-14,Male,20925,0.31,0.15,10.44,19.76
2014,NT,0-14,Female,20327,0.25,0.09,15.17,18.9
2014,NT,15-24,Male,21381,0.92,0.59,31.36,32.96
2014,NT,15-24,Female,20425,0.69,0.33,42.46,29.39
2014,NT,25-44,Male,21117,2.49,2.23,24.72,33.4
2014,NT,25-44,Female,21318,1.89,1.28,34.05,30.3
2014,NT,45-64,Male,21116,11.52,12.2,16.3,34.26
2014,NT,45-64,Female,21733,8.71,6.96,22.36,30.96
2014,NT,65-74,Male,19934,21.47,29.25,10.42,32.86
2014,NT,65-74,Female,20576,17.63,18.11,15.52,32.23
2014,NT,75+,Male,21310,25.0,30.0,8.79,33.27
2014,NT,75+,Female,20246,18.61,25.88,11.38,28.35
2015,NSW,0-14,Male,668674,0.29,0.14,10.07,18.75
2015,NSW,0-14,Female,686590,0.24,0.09,15.21,18.64
2015,NSW,15-24,Male,660268,0.95,0.59,32.65,33.76
2015,NSW,15-24,Female,680205,0.65,0.31,40.68,27.71
2015,NSW,25-44,Male,685709,2.46,2.16,24.64,32.76
2015,NSW,25-44,Female,681345,1.98,1.31,35.84,31.39
2015,NSW,45-64,Male,682581,11.64,12.09,16.64,34.41
2015,NSW,45-64,Female,669890,8.83,6.92,22.89,31.18
2015,NSW,65-74,Male,682140,21.81,29.13,10.69,33.15
2015,NSW,65-74,Female,674115,17.37,17.48,15.43,31.53
2015,NSW,75+,Male,675854,25.0,30.0,9.16,34.09
2015,NSW,75+,Female,690739,20.08,27.38,12.39,30.39
2015,VIC,0-14,Male,536850,0.29,0.14,9.91,18.44
2015,VIC,0-14,Female,525418,0.23,0.08,14.06,17.23
2015,VIC,15-24,Male,559402,0.92,0.57,31.41,32.48
2015,VIC,15-24,Female,553321,0.71,0.33,44.32,30.18
2015,VIC,25-44,Male,565776,2.62,2.3,26.21,34.85
2015,VIC,25-44,Female,566062,1.92,1.27,34.77,30.44
2015,VIC,45-64,Male,541911,11.34,11.78,16.2,33.51
2015,VIC,45-64,Female,534821,8.44,6.61,21.88,29.8
2015,VIC,65-74,Male,547195,21.19,28.3,10.38,32.2
2015,VIC,65-74,Female,570109,17.35,17.47,15.42,31.51
2015,VIC,75+,Male,555471,24.91,30.0,8.47,31.54
2015,VIC,75+,Female,556374,19.34,26.36,11.93,29.26
2015,QLD,0-14,Male,427267,0.31,0.15,10.71,19.93
2015,QLD,0-14,Female,438141,0.25,0.09,15.5,19.0
2015,QLD,15-24,Male,434019,0.92,0.57,31.6,32.68
2015,QLD,15-24,Female,447303,0.7,0.33,43.65,29.73
2015,QLD,25-44,Male,446423,2.49,2.18,24.92,33.14
2015,QLD,25-44,Female,455222,1.95,1.29,35.37,30.97
2015,QLD,45-64,Male,430408,11.15,11.58,15.92,32.93
2015,QLD,45-64,Female,440567,9.02,7.06,23.37,31.83
2015,QLD,65-74,Male,446908,22.95,30.0,11.24,34.88
2015,QLD,65-74,Female,446602,16.73,16.84,14.86,30.37
2015,QLD,75+,Male,461931,25.0,30.0,9.67,36.0
2015,QLD,75+,Female,444929,20.23,27.59,12.49,30.61
2015,WA,0-14,Male,228158,0.33,0.15,11.23,20.9
2015,WA,0-14,Female,231963,0.24,0.09,15.14,18.56
2015,WA,15-24,Male,228215,0.95,0.59,32.7,33.81
2015,WA,15-24,Female,222461,0.67,0.32,41.98,28.59
2015,WA,25-44,Male,229954,2.4,2.1,23.99,31.9
2015,WA,25-44,Female,241075,1.9,1.25,34.46,30.17
2015,WA,45-64,Male,227617,11.8,12.26,16.86,34.87
2015,WA,45-64,Female,230193,8.77,6.87,22.73,30.95
2015,WA,65-74,Male,232943,21.72,29.01,10.64,33.01
2015,WA,65-74,Female,230508,17.23,17.35,15.31,31.28
2015,WA,75+,Male,226782,25.0,30.0,9.35,34.81
2015,WA,75+,Female,244140,20.18,27.52,12.46,30.54
2015,SA,0-14,Male,156039,0.32,0.15,10.86,20.21
2015,SA,0-14,Female,153453,0.24,0.08,15.0,18.38
2015,SA,15-24,Male,151174,0.94,0.59,32.22,33.31
2015,SA,15-24,Female,152997,0.7,0.33,43.43,29.58
2015,SA,25-44,Male,153710,2.43,2.13,24.26,32.25
2015,SA,25-44,Female,152803,2.0,1.32,36.38,31.85
2015,SA,45-64,Male,153068,11.17,11.6,15.96,33.01
2015,SA,45-64,Female,154529,8.54,6.69,22.14,30.15
2015,SA,65-74,Male,150673,20.36,27.19,9.98,30.94
2015,SA,65-74,Female,147155,15.47,15.58,13.75,28.1
2015,SA,75+,Male,154407,25.0,30.0,9.46,35.21
2015,SA,75+,Female,147133,19.6,26.72,12.09,29.65
2015,TAS,0-14,Male,47107,0.28,0.13,9.49,17.66
2015,TAS,0-14,Female,48039,0.26,0.09,16.39,20.09
2015,TAS,15-24,Male,48067,0.92,0.57,31.57,32.64
2015,TAS,15-24,Female,47341,0.68,0.32,42.03,28.62
2015,TAS,25-44,Male,47542,2.52,2.21,25.21,33.52
2015,TAS,25-44,Female,47953,1.98,1.31,35.97,31.49
2015,TAS,45-64,Male,46969,11.6,12.05,16.58,34.28
2015,TAS,45-64,Female,49176,8.96,7.01,23.22,31.63
2015,TAS,65-74,Male,46779,21.12,28.2,10.35,32.1
2015,TAS,65-74,Female,47442,17.71,17.83,15.74,32.16
2015,TAS,75+,Male,47203,25.0,30.0,9.47,35.27
2015,TAS,75+,Female,47750,21.35,29.11,13.18,32.31
2015,ACT,0-14,Male,39249,0.32,0.15,10.87,20.24
2015,ACT,0-14,Female,37341,0.24,0.08,14.73,18.05
2015,ACT,15-24,Male,38402,0.92,0.58,31.71,32.79
2015,ACT,15-24,Female,38543,0.68,0.32,42.02,28.62
2015,ACT,25-44,Male,38932,2.46,2.15,24.57,32.67
2015,ACT,25-44,Female,37459,1.74,1.15,31.53,27.61
2015,ACT,45-64,Male,37429,10.54,10.95,15.06,31.14
2015,ACT,45-64,Female,37921,8.73,6.84,22.64,30.83
2015,ACT,65-74,Male,37937,21.75,29.05,10.65,33.05
2015,ACT,65-74,Female,37290,16.95,17.07,15.06,30.78
2015,ACT,75+,Male,38562,25.0,30.0,9.22,34.33
2015,ACT,75+,Female,38481,20.49,27.93,12.64,31.0
2015,NT,0-14,Male,21611,0.32,0.15,10.89,20.27
2015,NT,0-14,Female,20639,0.24,0.08,14.89,18.25
2015,NT,15-24,Male,20337,0.91,0.57,31.32,32.38
2015,NT,15-24,Female,20397,0.68,0.32,42.6,29.01
2015,NT,25-44,Male,20905,2.5,2.19,25.04,33.3
2015,NT,25-44,Female,20448,1.93,1.27,34.94,30.59
2015,NT,45-64,Male,21073,11.71,12.16,16.73,34.59
2015,NT,45-64,Female,20495,8.59,6.73,22.27,30.33
2015,NT,65-74,Male,20844,22.45,29.99,11.0,34.12
2015,NT,65-74,Female,20738,15.84,15.95,14.08,28.76
2015,NT,75+,Male,20392,25.0,30.0,9.06,33.74
2015,NT,75+,Female,20162,20.33,27.72,12.55,30.76
2016,NSW,0-14,Male,696425,0.34,0.15,11.61,21.27
2016,NSW,0-14,Female,684405,0.24,0.08,15.14,18.28
2016,NSW,15-24,Male,663752,0.86,0.53,29.87,30.41
2016,NSW,15-24,Female,664897,0.72,0.33,45.0,30.41
2016,NSW,25-44,Male,706608,2.62,2.25,26.45,34.62
2016,NSW,25-44,Female,668086,1.86,1.2,34.02,29.32
2016,NSW,45-64,Male,701360,11.57,11.79,16.69,33.97
2016,NSW,45-64,Female,682850,8.34,6.41,21.83,29.26
2016,NSW,65-74,Male,657020,23.92,30.0,11.82,36.11
2016,NSW,65-74,Female,673710,16.18,15.98,14.51,29.19
2016,NSW,75+,Male,690509,25.0,30.0,8.99,32.95
2016,NSW,75+,Female,655346,20.67,27.64,12.87,31.07
2016,VIC,0-14,Male,544775,0.33,0.15,11.25,20.61
2016,VIC,0-14,Female,544223,0.26,0.09,16.08,19.4
2016,VIC,15-24,Male,557106,0.93,0.57,32.22,32.8
2016,VIC,15-24,Female,556080,0.75,0.35,45.0,31.71
2016,VIC,25-44,Male,557072,2.38,2.04,23.98,31.38
2016,VIC,25-44,Female,553735,1.87,1.21,34.22,29.5
2016,VIC,45-64,Male,556061,10.81,11.01,15.59,31.74
2016,VIC,45-64,Female,537003,8.49,6.52,22.21,29.78
2016,VIC,65-74,Male,553805,22.93,30.0,11.33,34.61
2016,VIC,65-74,Female,567137,16.64,16.43,14.92,30.01
2016,VIC,75+,Male,551495,25.0,30.0,9.02,33.06
2016,VIC,75+,Female,544311,20.69,27.67,12.89,31.1
2016,QLD,0-14,Male,438776,0.32,0.15,11.23,20.57
2016,QLD,0-14,Female,455595,0.24,0.08,15.05,18.16
2016,QLD,15-24,Male,422106,0.92,0.56,31.68,32.25
2016,QLD,15-24,Female,466121,0.78,0.36,45.0,32.75
2016,QLD,25-44,Male,426328,2.51,2.15,25.3,33.11
2016,QLD,25-44,Female,440969,1.93,1.25,35.25,30.39
2016,QLD,45-64,Male,433632,11.38,11.59,16.4,33.4
2016,QLD,45-64,Female,448160,8.98,6.89,23.48,31.48
2016,QLD,65-74,Male,449710,20.96,27.45,10.36,31.64
2016,QLD,65-74,Female,445033,18.46,18.23,16.55,33.3
2016,QLD,75+,Male,442248,25.0,30.0,9.06,33.2
2016,QLD,75+,Female,428156,20.97,28.04,13.06,31.53
2016,WA,0-14,Male,230270,0.32,0.15,11.09,20.33
2016,WA,0-14,Female,231274,0.26,0.09,16.43,19.83
2016,WA,15-24,Male,226960,1.02,0.62,35.27,35.9
2016,WA,15-24,Female,233565,0.75,0.34,45.0,31.49
2016,WA,25-44,Male,232906,2.46,2.11,24.82,32.48
2016,WA,25-44,Female,230580,2.04,1.32,37.43,32.26
2016,WA,45-64,Male,232001,10.69,10.89,15.41,31.38
2016,WA,45-64,Female,230494,8.46,6.49,22.12,29.66
2016,WA,65-74,Male,224166,22.22,29.1,10.98,33.54
2016,WA,65-74,Female,234320,15.96,15.75,14.31,28.78
2016,WA,75+,Male,220178,25.0,30.0,8.99,32.95
2016,WA,75+,Female,233347,21.11,28.23,13.15,31.74
2016,SA,0-14,Male,147696,0.31,0.14,10.71,19.62
2016,SA,0-14,Female,152751,0.25,0.09,15.81,19.08
2016,SA,15-24,Male,152966,1.05,0.64,36.21,36.86
2016,SA,15-24,Female,151185,0.74,0.34,45.0,31.25
2016,SA,25-44,Male,153588,2.63,2.26,26.55,34.75
2016,SA,25-44,Female,150110,2.05,1.33,37.48,32.31
2016,SA,45-64,Male,150238,11.27,11.47,16.24,33.07
2016,SA,45-64,Female,156237,9.05,6.95,23.67,31.74
2016,SA,65-74,Male,150402,21.88,28.66,10.82,33.04
2016,SA,65-74,Female,150946,17.27,17.06,15.49,31.16
2016,SA,75+,Male,144860,25.0,30.0,9.53,34.94
2016,SA,75+,Female,149317,19.79,26.47,12.33,29.75
2016,TAS,0-14,Male,46707,0.29,0.13,10.0,18.32
2016,TAS,0-14,Female,47433,0.23,0.08,14.74,17.79
2016,TAS,15-24,Male,47391,1.0,0.61,34.53,35.15
2016,TAS,15-24,Female,47570,0.7,0.32,44.0,29.5
2016,TAS,25-44,Male,46695,2.65,2.28,26.79,35.07
2016,TAS,25-44,Female,48157,1.88,1.22,34.4,29.65
2016,TAS,45-64,Male,48241,11.36,11.57,16.38,33.36
2016,TAS,45-64,Female,48293,8.77,6.73,22.93,30.75
2016,TAS,65-74,Male,47613,21.37,27.99,10.56,32.26
2016,TAS,65-74,Female,46466,16.91,16.7,15.17,30.51
2016,TAS,75+,Male,48278,25.0,30.0,8.61,31.55
2016,TAS,75+,Female,46651,20.18,26.99,12.57,30.34
2016,ACT,0-14,Male,38916,0.32,0.15,10.98,20.11
2016,ACT,0-14,Female,36919,0.22,0.08,13.9,16.78
2016,ACT,15-24,Male,39170,0.92,0.56,31.84,32.41
2016,ACT,15-24,Female,38642,0.74,0.34,45.0,31.12
2016,ACT,25-44,Male,37206,2.43,2.09,24.54,32.12
2016,ACT,25-44,Female,38102,1.98,1.29,36.33,31.32
2016,ACT,45-64,Male,37915,11.72,11.93,16.89,34.39
2016,ACT,45-64,Female,38178,8.87,6.81,23.2,31.11
2016,ACT,65-74,Male,38672,22.99,30.0,11.36,34.7
2016,ACT,65-74,Female,36347,15.95,15.75,14.31,28.78
2016,ACT,75+,Male,38962,25.0,30.0,9.55,35.0
2016,ACT,75+,Female,36642,19.63,26.25,12.23,29.51
2016,NT,0-14,Male,21153,0.32,0.15,11.06,20.27
2016,NT,0-14,Female,20981,0.26,0.09,16.4,19.79
2016,NT,15-24,Male,20395,0.94,0.58,32.57,33.15
2016,NT,15-24,Female,20642,0.73,0.34,45.0,30.78
2016,NT,25-44,Male,21617,2.44,2.1,24.67,32.29
2016,NT,25-44,Female,21238,2.09,1.35,38.24,32.97
2016,NT,45-64,Male,21121,11.04,11.25,15.92,32.41
2016,NT,45-64,Female,20950,9.0,6.91,23.53,31.56
2016,NT,65-74,Male,21030,23.41,30.0,11.57,35.34
2016,NT,65-74,Female,21031,17.56,17.34,15.75,31.68
2016,NT,75+,Male,20025,25.0,30.0,9.31,34.11
2016,NT,75+,Female,20535,20.54,27.46,12.79,30.87
2017,NSW,0-14,Male,702321,0.31,0.14,10.7,19.31
2017,NSW,0-14,Female,697937,0.26,0.09,16.74,19.89
2017,NSW,15-24,Male,697820,0.98,0.59,34.17,34.26
2017,NSW,15-24,Female,682222,0.74,0.34,45.0,31.02
2017,NSW,25-44,Male,684861,2.47,2.08,25.16,32.43
2017,NSW,25-44,Female,661764,1.98,1.26,36.61,31.08
2017,NSW,45-64,Male,678383,11.61,11.6,16.88,33.85
2017,NSW,45-64,Female,691618,9.54,7.19,25.17,33.24
2017,NSW,65-74,Male,682847,22.62,29.06,11.28,33.93
2017,NSW,65-74,Female,676709,17.33,16.79,15.68,31.06
2017,NSW,75+,Male,677413,25.0,30.0,8.99,32.45
2017,NSW,75+,Female,662475,20.14,26.42,12.66,30.08
2017,VIC,0-14,Male,555454,0.33,0.15,11.51,20.77
2017,VIC,0-14,Female,549789,0.23,0.08,14.54,17.28
2017,VIC,15-24,Male,562817,1.01,0.6,35.18,35.27
2017,VIC,15-24,Female,551570,0.77,0.35,45.0,32.28
2017,VIC,25-44,Male,539196,2.5,2.1,25.42,32.77
2017,VIC,25-44,Female,555322,2.0,1.27,37.03,31.44
2017,VIC,45-64,Male,563266,12.23,12.22,17.79,35.66
2017,VIC,45-64,Female,537426,8.85,6.67,23.36,30.85
2017,VIC,65-74,Male,553536,22.32,28.68,11.13,33.48
2017,VIC,65-74,Female,544771,17.16,16.62,15.53,30.76
2017,VIC,75+,Male,545586,25.0,30.0,9.49,34.26
2017,VIC,75+,Female,554574,20.24,26.55,12.72,30.23
2017,QLD,0-14,Male,445673,0.32,0.14,11.09,20.02
2017,QLD,0-14,Female,433401,0.25,0.08,15.82,18.81
2017,QLD,15-24,Male,456261,0.95,0.57,33.18,33.26
2017,QLD,15-24,Female,424733,0.71,0.32,44.78,29.57
2017,QLD,25-44,Male,443766,2.39,2.02,24.35,31.39
2017,QLD,25-44,Female,442465,1.98,1.26,36.57,31.05
2017,QLD,45-64,Male,419799,12.19,12.18,17.74,35.56
2017,QLD,45-64,Female,457358,9.04,6.81,23.85,31.5
2017,QLD,65-74,Male,440139,21.59,27.74,10.77,32.39
2017,QLD,65-74,Female,435575,16.78,16.25,15.18,30.08
2017,QLD,75+,Male,456170,25.0,30.0,9.27,33.47
2017,QLD,75+,Female,440528,22.29,29.23,14.0,33.29
2017,WA,0-14,Male,232248,0.35,0.16,12.14,21.9
2017,WA,0-14,Female,231650,0.26,0.09,16.75,19.91
2017,WA,15-24,Male,233779,0.97,0.58,34.01,34.09
2017,WA,15-24,Female,236034,0.84,0.38,45.0,34.95
2017,WA,25-44,Male,236581,2.51,2.12,25.57,32.96
2017,WA,25-44,Female,229810,1.95,1.24,36.0,30.56
2017,WA,45-64,Male,232227,12.05,12.04,17.53,35.15
2017,WA,45-64,Female,232148,9.0,6.78,23.74,31.36
2017,WA,65-74,Male,234055,22.92,29.44,11.43,34.37
2017,WA,65-74,Female,235177,15.96,15.46,14.44,28.61
2017,WA,75+,Male,225388,25.0,30.0,9.03,32.58
2017,WA,75+,Female,232473,20.72,27.17,13.01,30.94
2017,SA,0-14,Male,154212,0.31,0.14,10.96,19.79
2017,SA,0-14,Female,150457,0.23,0.08,14.81,17.61
2017,SA,15-24,Male,151550,0.95,0.57,33.04,33.12
2017,SA,15-24,Female,148633,0.75,0.34,45.0,31.36
2017,SA,25-44,Male,151882,2.66,2.24,27.07,34.9
2017,SA,25-44,Female,145749,1.83,1.16,33.76,28.66
2017,SA,45-64,Male,151021,11.62,11.61,16.91,33.9
2017,SA,45-64,Female,151606,8.86,6.68,23.38,30.88
2017,SA,65-74,Male,154566,22.82,29.31,11.38,34.22
2017,SA,65-74,Female,148136,16.53,16.01,14.96,29.63
2017,SA,75+,Male,152568,25.0,30.0,8.99,32.43
2017,SA,75+,Female,150383,21.8,28.59,13.69,32.55
2017,TAS,0-14,Male,46001,0.29,0.13,10.15,18.31
2017,TAS,0-14,Female,47093,0.24,0.08,15.13,17.99
2017,TAS,15-24,Male,47661,0.95,0.57,33.28,33.36
2017,TAS,15-24,Female,48624,0.73,0.33,45.0,30.62
2017,TAS,25-44,Male,46803,2.51,2.12,25.6,33.0
2017,TAS,25-44,Female,46162,2.02,1.28,37.23,31.6
2017,TAS,45-64,Male,47722,11.81,11.8,17.18,34.45
2017,TAS,45-64,Female,49137,8.85,6.66,23.34,30.83
2017,TAS,65-74,Male,49587,22.05,28.32,11.0,33.07
2017,TAS,65-74,Female,46408,17.15,16.61,15.51,30.73
2017,TAS,75+,Male,46599,25.0,30.0,9.42,34.01
2017,TAS,75+,Female,48003,20.14,26.41,12.65,30.08
2017,ACT,0-14,Male,37584,0.33,0.15,11.53,20.8
2017,ACT,0-14,Female,38939,0.26,0.09,16.27,19.34
2017,ACT,15-24,Male,38461,1.02,0.61,35.77,35.87
2017,ACT,15-24,Female,36626,0.78,0.35,45.0,32.7
2017,ACT,25-44,Male,37398,2.55,2.15,25.98,33.49
2017,ACT,25-44,Female,37623,1.99,1.26,36.7,31.16
2017,ACT,45-64,Male,39490,11.55,11.54,16.8,33.69
2017,ACT,45-64,Female,38373,8.84,6.66,23.32,30.8
2017,ACT,65-74,Male,38115,22.4,28.78,11.17,33.6
2017,ACT,65-74,Female,38399,17.31,16.76,15.66,31.02
2017,ACT,75+,Male,39312,25.0,30.0,9.83,35.5
2017,ACT,75+,Female,38507,21.02,27.57,13.21,31.39
2017,NT,0-14,Male,20730,0.31,0.14,10.76,19.41
2017,NT,0-14,Female,21126,0.26,0.09,16.24,19.31
2017,NT,15-24,Male,21134,0.98,0.59,34.11,34.2
2017,NT,15-24,Female,21265,0.76,0.34,45.0,31.62
2017,NT,25-44,Male,20618,2.61,2.2,26.62,34.31
2017,NT,25-44,Female,19549,2.0,1.27,37.02,31.43
2017,NT,45-64,Male,19251,11.81,11.8,17.17,34.44
2017,NT,45-64,Female,20954,8.29,6.24,21.86,28.87
2017,NT,65-74,Male,20283,23.04,29.6,11.49,34.56
2017,NT,65-74,Female,21335,16.81,16.28,15.21,30.13
2017,NT,75+,Male,21698,25.0,30.0,9.21,33.26
2017,NT,75+,Female,20936,20.76,27.23,13.04,31.01
2018,NSW,0-14,Male,681247,0.35,0.15,12.28,21.83
2018,NSW,0-14,Female,677975,0.24,0.08,15.37,18.0
2018,NSW,15-24,Male,660920,0.98,0.58,34.55,34.13
2018,NSW,15-24,Female,669380,0.74,0.33,45.0,30.93
2018,NSW,25-44,Male,679937,2.72,2.25,27.9,35.44
2018,NSW,25-44,Female,678023,1.98,1.24,36.93,30.9
2018,NSW,45-64,Male,687848,11.9,11.66,17.45,34.48
2018,NSW,45-64,Female,665312,8.66,6.4,23.05,30.0
2018,NSW,65-74,Male,673863,23.95,30.0,12.04,35.69
2018,NSW,65-74,Female,685497,16.55,15.73,15.1,29.48
2018,NSW,75+,Male,658665,25.0,30.0,9.79,34.81
2018,NSW,75+,Female,689462,21.25,27.34,13.46,31.54
2018,VIC,0-14,Male,558107,0.33,0.15,11.71,20.81
2018,VIC,0-14,Female,554790,0.24,0.08,15.11,17.7
2018,VIC,15-24,Male,545819,0.97,0.57,34.18,33.77
2018,VIC,15-24,Female,567447,0.78,0.35,45.0,32.34
2018,VIC,25-44,Male,565634,2.81,2.32,28.84,36.63
2018,VIC,25-44,Female,555029,2.0,1.24,37.19,31.11
2018,VIC,45-64,Male,552477,12.16,11.91,17.83,35.23
2018,VIC,45-64,Female,560221,9.07,6.7,24.14,31.41
2018,VIC,65-74,Male,543102,22.88,28.83,11.51,34.1
2018,VIC,65-74,Female,558129,17.26,16.4,15.74,30.73
2018,VIC,75+,Male,554891,25.0,30.0,9.61,34.18
2018,VIC,75+,Female,547009,21.62,27.82,13.7,32.09
2018,QLD,0-14,Male,446868,0.34,0.15,11.88,21.13
2018,QLD,0-14,Female,456301,0.24,0.08,15.22,17.82
2018,QLD,15-24,Male,428827,0.96,0.57,33.9,33.49
2018,QLD,15-24,Female,434451,0.72,0.32,45.0,29.94
2018,QLD,25-44,Male,441079,2.63,2.17,26.97,34.25
2018,QLD,25-44,Female,449005,1.98,1.23,36.85,30.83
2018,QLD,45-64,Male,446311,11.95,11.72,17.53,34.64
2018,QLD,45-64,Female,448973,9.17,6.78,24.41,31.76
2018,QLD,65-74,Male,440275,21.0,26.46,10.56,31.3
2018,QLD,65-74,Female,443828,16.02,15.22,14.61,28.52
2018,QLD,75+,Male,452782,25.0,30.0,9.61,34.17
2018,QLD,75+,Female,445306,22.06,28.38,13.98,32.73
2018,WA,0-14,Male,234335,0.32,0.14,11.3,20.1
2018,WA,0-14,Female,232076,0.25,0.08,15.67,18.35
2018,WA,15-24,Male,229494,1.02,0.6,35.96,35.53
2018,WA,15-24,Female,235227,0.78,0.34,45.0,32.26
2018,WA,25-44,Male,236603,2.52,2.08,25.88,32.87
2018,WA,25-44,Female,232556,2.06,1.29,38.4,32.12
2018,WA,45-64,Male,228095,11.43,11.21,16.77,33.14
2018,WA,45-64,Female,234601,8.83,6.53,23.5,30.58
2018,WA,65-74,Male,234114,22.06,27.79,11.09,32.87
2018,WA,65-74,Female,231136,16.68,15.84,15.21,29.7
2018,WA,75+,Male,243432,25.0,30.0,9.65,34.33
2018,WA,75+,Female,238915,19.9,25.6,12.61,29.53
2018,SA,0-14,Male,152939,0.33,0.15,11.6,20.63
2018,SA,0-14,Female,153040,0.25,0.08,16.09,18.84
2018,SA,15-24,Male,156103,0.98,0.57,34.38,33.97
2018,SA,15-24,Female,155126,0.74,0.33,45.0,30.68
2018,SA,25-44,Male,151508,2.55,2.11,26.22,33.3
2018,SA,25-44,Female,153072,1.92,1.2,35.75,29.91
2018,SA,45-64,Male,151456,12.48,12.23,18.3,36.16
2018,SA,45-64,Female,148310,8.95,6.62,23.83,31.0
2018,SA,65-74,Male,146859,22.72,28.63,11.43,33.87
2018,SA,65-74,Female,152379,16.91,16.06,15.43,30.11
2018,SA,75+,Male,160214,25.0,30.0,10.12,35.98
2018,SA,75+,Female,156046,20.56,26.46,13.03,30.52
2018,TAS,0-14,Male,47480,0.33,0.15,11.64,20.71
2018,TAS,0-14,Female,47683,0.26,0.08,16.29,19.07
2018,TAS,15-24,Male,47236,0.99,0.58,34.75,34.33
2018,TAS,15-24,Female,46154,0.71,0.31,45.0,29.5
2018,TAS,25-44,Male,47361,2.69,2.22,27.61,35.07
2018,TAS,25-44,Female,47633,1.96,1.22,36.47,30.5
2018,TAS,45-64,Male,47796,12.17,11.93,17.85,35.27
2018,TAS,45-64,Female,48793,8.79,6.49,23.38,30.43
2018,TAS,65-74,Male,48096,24.38,30.0,12.26,36.34
2018,TAS,65-74,Female,48807,18.23,17.32,16.63,32.47
2018,TAS,75+,Male,48209,25.0,30.0,10.04,35.72
2018,TAS,75+,Female,48119,21.56,27.74,13.66,32.0
2018,ACT,0-14,Male,38591,0.31,0.14,11.03,19.61
2018,ACT,0-14,Female,37453,0.24,0.08,15.14,17.73
2018,ACT,15-24,Male,38697,1.03,0.61,36.4,35.96
2018,ACT,15-24,Female,37851,0.8,0.35,45.0,33.11
2018,ACT,25-44,Male,37875,2.5,2.07,25.67,32.6
2018,ACT,25-44,Female,38118,2.01,1.26,37.51,31.38
2018,ACT,45-64,Male,37783,12.33,12.08,18.08,35.73
2018,ACT,45-64,Female,37305,9.15,6.76,24.35,31.69
2018,ACT,65-74,Male,38060,23.35,29.42,11.74,34.8
2018,ACT,65-74,Female,37878,17.02,16.17,15.53,30.31
2018,ACT,75+,Male,37852,25.0,30.0,9.54,33.93
2018,ACT,75+,Female,37983,22.55,29.01,14.29,33.46
2018,NT,0-14,Male,19895,0.32,0.14,11.42,20.31
2018,NT,0-14,Female,20657,0.24,0.08,15.44,18.08
2018,NT,15-24,Male,21340,0.96,0.56,33.65,33.24
2018,NT,15-24,Female,21301,0.75,0.33,45.0,31.04
2018,NT,25-44,Male,20782,2.63,2.17,26.98,34.26
2018,NT,25-44,Female,20768,2.0,1.25,37.22,31.14
2018,NT,45-64,Male,19803,12.6,12.35,18.49,36.53
2018,NT,45-64,Female,20541,8.3,6.14,22.09,28.75
2018,NT,65-74,Male,21053,22.95,28.92,11.54,34.2
2018,NT,65-74,Female,20607,17.88,16.99,16.31,31.84
2018,NT,75+,Male,21194,25.0,30.0,10.0,35.57
2018,NT,75+,Female,21166,21.21,27.29,13.44,31.48
2019,NSW,0-14,Male,671836,0.34,0.15,11.92,20.89
2019,NSW,0-14,Female,680969,0.26,0.09,16.82,19.42
2019,NSW,15-24,Male,699483,1.0,0.58,35.37,34.44
2019,NSW,15-24,Female,660201,0.69,0.3,44.28,28.4
2019,NSW,25-44,Male,674530,2.53,2.05,26.2,32.81
2019,NSW,25-44,Female,658983,2.01,1.23,37.8,31.17
2019,NSW,45-64,Male,667768,11.49,11.05,16.99,33.09
2019,NSW,45-64,Female,703951,10.05,7.29,26.96,34.59
2019,NSW,65-74,Male,674525,22.87,28.28,11.59,33.88
2019,NSW,65-74,Female,653536,16.98,15.82,15.61,30.04
2019,NSW,75+,Male,665906,25.0,30.0,9.78,34.28
2019,NSW,75+,Female,657720,21.28,26.86,13.59,31.38
2019,VIC,0-14,Male,552779,0.32,0.14,11.43,20.04
2019,VIC,0-14,Female,555743,0.26,0.08,16.61,19.17
2019,VIC,15-24,Male,560562,0.94,0.54,33.5,32.62
2019,VIC,15-24,Female,558117,0.74,0.32,45.0,30.48
2019,VIC,25-44,Male,535969,2.66,2.16,27.5,34.43
2019,VIC,25-44,Female,555169,2.01,1.23,37.7,31.09
2019,VIC,45-64,Male,549587,12.25,11.78,18.12,35.29
2019,VIC,45-64,Female,562247,9.71,7.04,26.05,33.42
2019,VIC,65-74,Male,559410,23.01,28.46,11.67,34.09
2019,VIC,65-74,Female,572751,19.17,17.87,17.63,33.93
2019,VIC,75+,Male,540928,25.0,30.0,9.34,32.75
2019,VIC,75+,Female,539476,22.62,28.55,14.45,33.36
2019,QLD,0-14,Male,439195,0.31,0.14,11.17,19.57
2019,QLD,0-14,Female,442600,0.26,0.08,16.64,19.21
2019,QLD,15-24,Male,437527,0.97,0.56,34.45,33.55
2019,QLD,15-24,Female,435706,0.74,0.32,45.0,30.59
2019,QLD,25-44,Male,446147,2.9,2.35,30.02,37.59
2019,QLD,25-44,Female,439170,2.11,1.29,39.54,32.61
2019,QLD,45-64,Male,437178,11.87,11.41,17.55,34.19
2019,QLD,45-64,Female,431285,8.18,5.93,21.94,28.15
2019,QLD,65-74,Male,423552,21.57,26.67,10.93,31.95
2019,QLD,65-74,Female,455260,16.94,15.79,15.58,29.98
2019,QLD,75+,Male,454955,25.0,30.0,9.81,34.38
2019,QLD,75+,Female,450449,21.7,27.4,13.86,32.01
2019,WA,0-14,Male,234515,0.32,0.14,11.36,19.92
2019,WA,0-14,Female,229406,0.26,0.09,16.84,19.44
2019,WA,15-24,Male,234711,1.02,0.59,36.16,35.21
2019,WA,15-24,Female,226871,0.75,0.32,45.0,30.8
2019,WA,25-44,Male,232484,2.53,2.05,26.2,32.81
2019,WA,25-44,Female,228404,2.06,1.26,38.69,31.9
2019,WA,45-64,Male,234731,11.97,11.51,17.7,34.48
2019,WA,45-64,Female,239286,9.38,6.8,25.16,32.27
2019,WA,65-74,Male,227435,24.44,30.0,12.39,36.2
2019,WA,65-74,Female,229618,18.99,17.7,17.47,33.61
2019,WA,75+,Male,232398,25.0,30.0,10.23,35.88
2019,WA,75+,Female,223692,21.0,26.51,13.41,30.97
2019,SA,0-14,Male,146960,0.33,0.14,11.71,20.52
2019,SA,0-14,Female,156293,0.26,0.09,17.0,19.63
2019,SA,15-24,Male,152607,0.96,0.56,34.24,33.34
2019,SA,15-24,Female,149784,0.74,0.32,45.0,30.58
2019,SA,25-44,Male,151574,2.74,2.22,28.36,35.51
2019,SA,25-44,Female,150228,2.18,1.33,40.84,33.68
2019,SA,45-64,Male,151987,12.44,11.96,18.39,35.82
2019,SA,45-64,Female,150335,9.44,6.85,25.33,32.49
2019,SA,65-74,Male,151341,23.21,28.69,11.77,34.37
2019,SA,65-74,Female,153700,17.2,16.03,15.82,30.44
2019,SA,75+,Male,153492,25.0,30.0,10.08,35.34
2019,SA,75+,Female,156088,22.66,28.61,14.48,33.43
2019,TAS,0-14,Male,47980,0.33,0.14,11.61,20.36
2019,TAS,0-14,Female,47647,0.25,0.08,15.96,18.42
2019,TAS,15-24,Male,49168,0.97,0.56,34.52,33.62
2019,TAS,15-24,Female,47417,0.77,0.34,45.0,31.95
2019,TAS,25-44,Male,45557,2.78,2.26,28.82,36.09
2019,TAS,25-44,Female,48383,1.87,1.14,35.11,28.95
2019,TAS,45-64,Male,47863,11.99,11.53,17.73,34.53
2019,TAS,45-64,Female,47602,8.67,6.28,23.25,29.82
2019,TAS,65-74,Male,48410,25.0,30.0,12.73,37.2
2019,TAS,65-74,Female,47206,17.91,16.7,16.48,31.7
2019,TAS,75+,Male,45596,25.0,30.0,9.67,33.9
2019,TAS,75+,Female,48430,21.57,27.23,13.78,31.81
2019,ACT,0-14,Male,37554,0.31,0.13,11.05,19.36
2019,ACT,0-14,Female,37323,0.24,0.08,15.61,18.02
2019,ACT,15-24,Male,36471,1.0,0.58,35.44,34.52
2019,ACT,15-24,Female,38632,0.78,0.34,45.0,32.26
2019,ACT,25-44,Male,36170,2.63,2.13,27.23,34.1
2019,ACT,25-44,Female,38996,1.95,1.19,36.66,30.24
2019,ACT,45-64,Male,37793,10.63,10.22,15.72,30.62
2019,ACT,45-64,Female,38670,8.72,6.32,23.39,30.0
2019,ACT,65-74,Male,38365,22.62,27.97,11.47,33.51
2019,ACT,65-74,Female,39456,18.2,16.96,16.74,32.2
2019,ACT,75+,Male,38344,25.0,30.0,9.74,34.16
2019,ACT,75+,Female,38964,20.08,25.35,12.83,29.62
2019,NT,0-14,Male,20533,0.32,0.14,11.43,20.04
2019,NT,0-14,Female,20117,0.25,0.08,16.35,18.88
2019,NT,15-24,Male,21168,1.01,0.58,35.69,34.76
2019,NT,15-24,Female,20106,0.77,0.34,45.0,31.86
2019,NT,25-44,Male,21074,2.64,2.15,27.37,34.27
2019,NT,25-44,Female,20320,1.88,1.15,35.32,29.12
2019,NT,45-64,Male,20878,12.38,11.9,18.3,35.65
2019,NT,45-64,Female,21538,9.3,6.74,24.95,32.01
2019,NT,65-74,Male,21039,23.69,29.29,12.01,35.09
2019,NT,65-74,Female,20677,19.72,18.39,18.14,34.9
2019,NT,75+,Male,20944,25.0,30.0,9.51,33.34
2019,NT,75+,Female,20547,21.73,27.43,13.88,32.04
2020,NSW,0-14,Male,710855,0.32,0.14,11.55,19.96
2020,NSW,0-14,Female,669515,0.26,0.08,16.94,19.29
2020,NSW,15-24,Male,677983,1.05,0.59,37.46,35.98
2020,NSW,15-24,Female,687107,0.77,0.33,45.0,31.41
2020,NSW,25-44,Male,684258,2.55,2.03,26.65,32.91
2020,NSW,25-44,Female,685801,2.22,1.33,42.0,34.16
2020,NSW,45-64,Male,672575,11.94,11.27,17.8,34.18
2020,NSW,45-64,Female,676015,9.12,6.49,24.67,31.21
2020,NSW,65-74,Male,691918,23.22,28.17,11.86,34.18
2020,NSW,65-74,Female,691180,16.79,15.36,15.56,29.53
2020,NSW,75+,Male,684589,25.0,30.0,9.88,34.18
2020,NSW,75+,Female,697521,20.67,25.61,13.31,30.3
2020,VIC,0-14,Male,561719,0.35,0.15,12.65,21.86
2020,VIC,0-14,Female,560280,0.24,0.08,15.71,17.88
2020,VIC,15-24,Male,533447,1.03,0.58,36.72,35.27
2020,VIC,15-24,Female,555159,0.77,0.33,45.0,31.7
2020,VIC,25-44,Male,553095,2.75,2.19,28.73,35.48
2020,VIC,25-44,Female,567385,2.09,1.25,39.47,32.1
2020,VIC,45-64,Male,519538,12.72,12.0,18.95,36.41
2020,VIC,45-64,Female,549326,9.16,6.52,24.76,31.33
2020,VIC,65-74,Male,552179,21.92,26.6,11.2,32.27
2020,VIC,65-74,Female,539164,18.94,17.33,17.56,33.32
2020,VIC,75+,Male,541046,25.0,30.0,10.17,35.17
2020,VIC,75+,Female,567426,21.06,26.09,13.56,30.88
2020,QLD,0-14,Male,447608,0.33,0.14,11.78,20.37
2020,QLD,0-14,Female,460027,0.24,0.08,15.47,17.61
2020,QLD,15-24,Male,441889,1.03,0.59,37.01,35.54
2020,QLD,15-24,Female,431003,0.79,0.34,45.0,32.46
2020,QLD,25-44,Male,440634,2.82,2.25,29.43,36.35
2020,QLD,25-44,Female,439147,2.04,1.23,38.7,31.47
2020,QLD,45-64,Male,449670,11.84,11.18,17.65,33.9
2020,QLD,45-64,Female,449289,9.37,6.67,25.34,32.06
2020,QLD,65-74,Male,448060,23.56,28.59,12.04,34.69
2020,QLD,65-74,Female,463286,17.74,16.23,16.44,31.2
2020,QLD,75+,Male,454693,25.0,30.0,9.41,32.53
2020,QLD,75+,Female,435949,22.83,28.28,14.7,33.47
2020,WA,0-14,Male,236704,0.37,0.16,13.12,22.68
2020,WA,0-14,Female,232213,0.27,0.09,17.37,19.78
2020,WA,15-24,Male,231111,1.0,0.57,35.82,34.4
2020,WA,15-24,Female,238587,0.79,0.34,45.0,32.23
2020,WA,25-44,Male,227852,2.71,2.16,28.31,34.96
2020,WA,25-44,Female,236359,2.13,1.28,40.3,32.78
2020,WA,45-64,Male,235543,12.44,11.74,18.54,35.61
2020,WA,45-64,Female,227771,9.18,6.53,24.81,31.39
2020,WA,65-74,Male,224492,22.75,27.61,11.63,33.5
2020,WA,65-74,Female,231695,18.21,16.66,16.88,32.03
2020,WA,75+,Male,218364,25.0,30.0,9.86,34.09
2020,WA,75+,Female,237285,20.57,25.48,13.24,30.15
2020,SA,0-14,Male,152785,0.33,0.14,11.72,20.27
2020,SA,0-14,Female,156056,0.24,0.08,15.79,17.98
2020,SA,15-24,Male,152571,1.0,0.57,35.93,34.51
2020,SA,15-24,Female,156292,0.84,0.36,45.0,34.68
2020,SA,25-44,Male,149891,2.66,2.12,27.76,34.28
2020,SA,25-44,Female,153238,2.03,1.22,38.51,31.32
2020,SA,45-64,Male,150492,12.07,11.39,17.99,34.56
2020,SA,45-64,Female,151345,9.82,6.99,26.55,33.59
2020,SA,65-74,Male,151966,25.0,30.0,13.15,37.9
2020,SA,65-74,Female,152775,19.33,17.68,17.92,34.0
2020,SA,75+,Male,149493,25.0,30.0,10.42,36.04
2020,SA,75+,Female,153086,20.91,25.9,13.46,30.65
2020,TAS,0-14,Male,47663,0.35,0.15,12.52,21.65
2020,TAS,0-14,Female,46329,0.24,0.08,15.86,18.06
2020,TAS,15-24,Male,45941,0.95,0.54,34.07,32.72
2020,TAS,15-24,Female,48696,0.78,0.33,45.0,31.87
2020,TAS,25-44,Male,45471,2.69,2.14,28.09,34.69
2020,TAS,25-44,Female,47469,2.05,1.23,38.72,31.49
2020,TAS,45-64,Male,46237,13.14,12.4,19.58,37.62
2020,TAS,45-64,Female,49249,9.13,6.5,24.69,31.23
2020,TAS,65-74,Male,48161,24.0,29.12,12.26,35.33
2020,TAS,65-74,Female,47939,18.12,16.58,16.8,31.88
2020,TAS,75+,Male,46853,25.0,30.0,10.35,35.78
2020,TAS,75+,Female,46317,22.41,27.76,14.42,32.85
2020,ACT,0-14,Male,38194,0.34,0.14,12.2,21.1
2020,ACT,0-14,Female,38041,0.25,0.08,16.31,18.57
2020,ACT,15-24,Male,37242,0.99,0.56,35.23,33.84
2020,ACT,15-24,Female,37218,0.76,0.33,45.0,31.28
2020,ACT,25-44,Male,37182,2.73,2.17,28.47,35.15
2020,ACT,25-44,Female,37159,2.12,1.27,40.13,32.63
2020,ACT,45-64,Male,37582,11.85,11.18,17.66,33.92
2020,ACT,45-64,Female,38309,9.77,6.95,26.41,33.41
2020,ACT,65-74,Male,38437,23.37,28.36,11.94,34.41
2020,ACT,65-74,Female,38025,16.52,15.11,15.31,29.06
2020,ACT,75+,Male,38159,25.0,30.0,10.84,37.48
2020,ACT,75+,Female,38475,21.7,26.89,13.97,31.82
2020,NT,0-14,Male,19937,0.35,0.15,12.48,21.57
2020,NT,0-14,Female,20854,0.24,0.08,15.6,17.76
2020,NT,15-24,Male,21311,0.98,0.56,35.1,33.71
2020,NT,15-24,Female,19963,0.76,0.33,45.0,31.33
2020,NT,25-44,Male,19624,2.56,2.04,26.68,32.95
2020,NT,25-44,Female,20688,2.04,1.23,38.65,31.43
2020,NT,45-64,Male,21214,11.92,11.25,17.76,34.12
2020,NT,45-64,Female,20695,9.72,6.92,26.28,33.25
2020,NT,65-74,Male,21023,21.56,26.16,11.02,31.74
2020,NT,65-74,Female,20895,18.44,16.87,17.09,32.44
2020,NT,75+,Male,20282,25.0,30.0,10.43,36.07
2020,NT,75+,Female,20368,23.38,28.97,15.05,34.28
2021,NSW,0-14,Male,656536,0.35,0.15,12.67,21.61
2021,NSW,0-14,Female,700073,0.25,0.08,16.44,18.47
2021,NSW,15-24,Male,690880,1.01,0.56,36.52,34.6
2021,NSW,15-24,Female,678040,0.79,0.33,45.0,32.27
2021,NSW,25-44,Male,676250,2.88,2.25,30.27,36.88
2021,NSW,25-44,Female,668551,1.94,1.14,37.01,29.69
2021,NSW,45-64,Male,684841,12.56,11.63,18.86,35.74
2021,NSW,45-64,Female,669623,8.81,6.15,24.01,29.97
2021,NSW,65-74,Male,674500,23.34,27.79,12.01,34.15
2021,NSW,65-74,Female,670927,17.28,15.51,16.14,30.21
2021,NSW,75+,Male,689951,25.0,30.0,9.95,33.95
2021,NSW,75+,Female,677485,22.65,27.54,14.69,33.01
2021,VIC,0-14,Male,552684,0.34,0.14,12.11,20.65
2021,VIC,0-14,Female,538500,0.25,0.08,16.52,18.56
2021,VIC,15-24,Male,544144,0.99,0.55,35.52,33.65
2021,VIC,15-24,Female,552928,0.75,0.31,45.0,30.48
2021,VIC,25-44,Male,533647,2.81,2.2,29.54,35.99
2021,VIC,25-44,Female,548717,2.09,1.23,39.89,32.0
2021,VIC,45-64,Male,550999,12.46,11.54,18.7,35.45
2021,VIC,45-64,Female,537226,8.86,6.18,24.13,30.11
2021,VIC,65-74,Male,562481,23.92,28.49,12.32,35.01
2021,VIC,65-74,Female,554952,16.66,14.96,15.56,29.14
2021,VIC,75+,Male,549454,25.0,30.0,10.74,36.63
2021,VIC,75+,Female,543391,22.42,27.26,14.54,32.67
2021,QLD,0-14,Male,429130,0.34,0.14,12.24,20.88
2021,QLD,0-14,Female,451870,0.24,0.07,15.48,17.38
2021,QLD,15-24,Male,439467,0.98,0.55,35.45,33.59
2021,QLD,15-24,Female,431001,0.74,0.31,45.0,30.2
2021,QLD,25-44,Male,437036,2.71,2.12,28.5,34.73
2021,QLD,25-44,Female,447522,2.12,1.25,40.45,32.45
2021,QLD,45-64,Male,445624,12.45,11.53,18.69,35.42
2021,QLD,45-64,Female,434038,10.0,6.98,27.23,33.99
2021,QLD,65-74,Male,453555,23.84,28.39,12.27,34.89
2021,QLD,65-74,Female,430897,19.21,17.25,17.94,33.59
2021,QLD,75+,Male,455555,25.0,30.0,10.12,34.53
2021,QLD,75+,Female,445240,22.39,27.22,14.52,32.62
2021,WA,0-14,Male,230301,0.34,0.14,12.19,20.8
2021,WA,0-14,Female,230911,0.26,0.08,17.27,19.4
2021,WA,15-24,Male,232448,1.02,0.57,36.84,34.91
2021,WA,15-24,Female,234553,0.76,0.32,45.0,31.1
2021,WA,25-44,Male,223835,3.05,2.38,32.05,39.04
2021,WA,25-44,Female,228554,2.12,1.25,40.36,32.39
2021,WA,45-64,Male,232299,12.57,11.64,18.88,35.78
2021,WA,45-64,Female,237539,9.69,6.77,26.4,32.95
2021,WA,65-74,Male,237337,24.08,28.67,12.4,35.24
2021,WA,65-74,Female,239465,16.57,14.88,15.48,28.97
2021,WA,75+,Male,237086,25.0,30.0,10.4,35.49
2021,WA,75+,Female,228227,20.87,25.37,13.54,30.41
2021,SA,0-14,Male,151639,0.34,0.14,12.37,21.1
2021,SA,0-14,Female,154981,0.26,0.08,17.27,19.4
2021,SA,15-24,Male,154646,0.95,0.53,34.3,32.5
2021,SA,15-24,Female,151073,0.78,0.33,45.0,31.98
2021,SA,25-44,Male,153217,2.57,2.01,27.01,32.91
2021,SA,25-44,Female,153658,1.89,1.11,36.0,28.88
2021,SA,45-64,Male,151853,11.55,10.7,17.35,32.88
2021,SA,45-64,Female,155239,9.36,6.54,25.49,31.82
2021,SA,65-74,Male,149585,23.72,28.25,12.21,34.72
2021,SA,65-74,Female,155553,17.91,16.08,16.73,31.32
2021,SA,75+,Male,150521,25.0,30.0,10.47,35.72
2021,SA,75+,Female,146937,21.73,26.42,14.1,31.67
2021,TAS,0-14,Male,45948,0.35,0.14,12.49,21.31
2021,TAS,0-14,Female,47747,0.27,0.08,17.59,19.76
2021,TAS,15-24,Male,46577,1.12,0.62,40.43,38.31
2021,TAS,15-24,Female,49337,0.78,0.33,45.0,31.84
2021,TAS,25-44,Male,46961,2.86,2.24,30.07,36.63
2021,TAS,25-44,Female,47626,2.11,1.24,40.2,32.26
2021,TAS,45-64,Male,46959,12.43,11.51,18.66,35.36
2021,TAS,45-64,Female,46102,9.37,6.54,25.52,31.86
2021,TAS,65-74,Male,48053,24.02,28.61,12.37,35.16
2021,TAS,65-74,Female,46086,18.12,16.27,16.92,31.68
2021,TAS,75+,Male,47972,25.0,30.0,10.66,36.35
2021,TAS,75+,Female,47357,21.3,25.9,13.82,31.04
2021,ACT,0-14,Male,37277,0.32,0.13,11.56,19.72
2021,ACT,0-14,Female,38993,0.26,0.08,16.71,18.77
2021,ACT,15-24,Male,38545,1.0,0.55,35.96,34.07
2021,ACT,15-24,Female,38247,0.77,0.32,45.0,31.28
2021,ACT,25-44,Male,38722,2.72,2.12,28.54,34.77
2021,ACT,25-44,Female,36861,2.04,1.2,38.99,31.29
2021,ACT,45-64,Male,37653,11.61,10.75,17.43,33.04
2021,ACT,45-64,Female,38370,8.93,6.24,24.34,30.37
2021,ACT,65-74,Male,39865,23.45,27.92,12.07,34.32
2021,ACT,65-74,Female,38213,17.01,15.27,15.89,29.75
2021,ACT,75+,Male,37682,25.0,30.0,9.79,33.39
2021,ACT,75+,Female,36288,22.06,26.83,14.31,32.15
2021,NT,0-14,Male,21557,0.34,0.14,12.42,21.18
2021,NT,0-14,Female,20874,0.26,0.08,16.77,18.83
2021,NT,15-24,Male,20698,1.07,0.59,38.42,36.4
2021,NT,15-24,Female,19821,0.77,0.32,45.0,31.23
2021,NT,25-44,Male,20719,2.8,2.19,29.44,35.86
2021,NT,25-44,Female,20819,2.0,1.18,38.23,30.68
2021,NT,45-64,Male,20547,12.0,11.12,18.02,34.15
2021,NT,45-64,Female,20210,9.63,6.73,26.24,32.75
2021,NT,65-74,Male,20186,24.89,29.65,12.82,36.43
2021,NT,65-74,Female,21565,17.8,15.98,16.62,31.12
2021,NT,75+,Male,20807,25.0,30.0,10.71,36.55
2021,NT,75+,Female,20546,21.11,25.67,13.7,30.77
2022,NSW,0-14,Male,679976,0.35,0.14,12.59,21.2
2022,NSW,0-14,Female,679047,0.26,0.08,17.37,19.26
2022,NSW,15-24,Male,659871,1.03,0.56,37.35,34.93
2022,NSW,15-24,Female,691895,0.78,0.32,45.0,31.55
2022,NSW,25-44,Male,676890,2.62,2.01,27.7,33.3
2022,NSW,25-44,Female,680979,2.05,1.18,39.34,31.16
2022,NSW,45-64,Male,699543,12.26,11.15,18.54,34.68
2022,NSW,45-64,Female,661640,9.72,6.66,26.68,32.86
2022,NSW,65-74,Male,668939,24.86,29.07,12.89,36.18
2022,NSW,65-74,Female,683731,18.1,15.95,17.03,31.47
2022,NSW,75+,Male,691599,25.0,30.0,10.26,34.54
2022,NSW,75+,Female,671055,21.54,25.71,14.08,31.21
2022,VIC,0-14,Male,544906,0.34,0.14,12.23,20.58
2022,VIC,0-14,Female,558072,0.28,0.09,18.2,20.18
2022,VIC,15-24,Male,576137,1.11,0.6,40.25,37.64
2022,VIC,15-24,Female,551917,0.76,0.31,45.0,30.88
2022,VIC,25-44,Male,542570,2.64,2.02,27.92,33.57
2022,VIC,25-44,Female,539488,2.06,1.19,39.65,31.4
2022,VIC,45-64,Male,549551,11.93,10.85,18.04,33.75
2022,VIC,45-64,Female,560424,9.06,6.21,24.88,30.64
2022,VIC,65-74,Male,582111,23.32,27.27,12.1,33.94
2022,VIC,65-74,Female,551935,18.19,16.04,17.12,31.63
2022,VIC,75+,Male,569947,25.0,30.0,9.92,33.41
2022,VIC,75+,Female,554414,23.23,27.73,15.18,33.65
2022,QLD,0-14,Male,445376,0.33,0.13,11.88,20.0
2022,QLD,0-14,Female,456479,0.25,0.08,16.65,18.46
2022,QLD,15-24,Male,444354,1.07,0.58,38.89,36.37
2022,QLD,15-24,Female,434785,0.72,0.29,45.0,29.07
2022,QLD,25-44,Male,454266,2.84,2.18,30.11,36.2
2022,QLD,25-44,Female,429386,2.21,1.28,42.48,33.64
2022,QLD,45-64,Male,452516,12.6,11.46,19.06,35.66
2022,QLD,45-64,Female,443438,8.9,6.1,24.41,30.07
2022,QLD,65-74,Male,440840,24.48,28.62,12.7,35.62
2022,QLD,65-74,Female,440619,17.16,15.12,16.14,29.83
2022,QLD,75+,Male,442194,25.0,30.0,10.33,34.77
2022,QLD,75+,Female,439578,21.73,25.94,14.2,31.49
2022,WA,0-14,Male,234137,0.35,0.14,12.54,21.11
2022,WA,0-14,Female,230181,0.26,0.08,17.22,19.09
2022,WA,15-24,Male,223167,1.04,0.57,37.81,35.36
2022,WA,15-24,Female,232080,0.81,0.33,45.0,32.83
2022,WA,25-44,Male,236542,2.77,2.13,29.35,35.29
2022,WA,25-44,Female,222921,1.95,1.13,37.5,29.7
2022,WA,45-64,Male,232050,12.59,11.45,19.04,35.62
2022,WA,45-64,Female,229938,9.59,6.58,26.33,32.43
2022,WA,65-74,Male,236412,24.86,29.06,12.89,36.17
2022,WA,65-74,Female,230872,18.89,16.65,17.77,32.84
2022,WA,75+,Male,235653,25.0,30.0,9.58,32.26
2022,WA,75+,Female,235075,23.32,27.83,15.24,33.79
2022,SA,0-14,Male,153735,0.33,0.14,12.12,20.39
2022,SA,0-14,Female,156420,0.27,0.08,18.03,19.99
2022,SA,15-24,Male,151004,1.0,0.55,36.35,34.0
2022,SA,15-24,Female,151865,0.82,0.34,45.0,33.17
2022,SA,25-44,Male,152949,2.64,2.03,27.99,33.66
2022,SA,25-44,Female,151958,2.17,1.25,41.62,32.96
2022,SA,45-64,Male,150906,12.56,11.42,19.0,35.54
2022,SA,45-64,Female,148959,10.09,6.92,27.7,34.12
2022,SA,65-74,Male,151724,23.64,27.64,12.26,34.4
2022,SA,65-74,Female,147148,19.18,16.9,18.05,33.34
2022,SA,75+,Male,145509,25.0,30.0,9.92,33.38
2022,SA,75+,Female,148298,22.26,26.57,14.55,32.25
2022,TAS,0-14,Male,48254,0.34,0.14,12.36,20.81
2022,TAS,0-14,Female,47845,0.26,0.08,16.99,18.83
2022,TAS,15-24,Male,48265,1.03,0.56,37.22,34.81
2022,TAS,15-24,Female,46965,0.81,0.33,45.0,32.82
2022,TAS,25-44,Male,48619,2.75,2.11,29.1,34.99
2022,TAS,25-44,Female,46294,2.15,1.24,41.32,32.72
2022,TAS,45-64,Male,46591,12.78,11.62,19.33,36.16
2022,TAS,45-64,Female,48600,10.07,6.9,27.63,34.03
2022,TAS,65-74,Male,47774,24.49,28.63,12.7,35.64
2022,TAS,65-74,Female,48271,18.37,16.19,17.29,31.94
2022,TAS,75+,Male,47849,25.0,30.0,10.31,34.71
2022,TAS,75+,Female,47089,23.01,27.46,15.03,33.33
2022,ACT,0-14,Male,37149,0.34,0.14,12.25,20.62
2022,ACT,0-14,Female,36666,0.25,0.08,16.69,18.5
2022,ACT,15-24,Male,39435,1.07,0.58,38.77,36.26
2022,ACT,15-24,Female,36820,0.84,0.35,45.0,34.05
2022,ACT,25-44,Male,39140,2.85,2.18,30.15,36.25
2022,ACT,25-44,Female,38135,2.08,1.2,39.93,31.62
2022,ACT,45-64,Male,38261,11.45,10.41,17.32,32.4
2022,ACT,45-64,Female,38210,9.12,6.25,25.04,30.84
2022,ACT,65-74,Male,38471,22.7,26.54,11.77,33.03
2022,ACT,65-74,Female,37462,19.29,17.0,18.15,33.53
2022,ACT,75+,Male,36417,25.0,30.0,9.99,33.63
2022,ACT,75+,Female,37615,22.0,26.25,14.37,31.87
2022,NT,0-14,Male,20954,0.32,0.13,11.78,19.83
2022,NT,0-14,Female,20319,0.26,0.08,17.12,18.98
2022,NT,15-24,Male,21211,1.01,0.55,36.84,34.45
2022,NT,15-24,Female,20712,0.81,0.33,45.0,32.99
2022,NT,25-44,Male,20284,2.84,2.18,30.03,36.1
2022,NT,25-44,Female,20827,2.12,1.23,40.73,32.25
2022,NT,45-64,Male,20947,12.22,11.11,18.48,34.57
2022,NT,45-64,Female,20978,9.23,6.33,25.33,31.21
2022,NT,65-74,Male,19555,24.75,28.93,12.83,36.01
2022,NT,65-74,Female,19500,19.41,17.11,18.26,33.75
2022,NT,75+,Male,21192,25.0,30.0,10.21,34.36
2022,NT,75+,Female,20157,21.95,26.2,14.34,31.8
2023,NSW,0-14,Male,693421,0.34,0.13,12.25,20.36
2023,NSW,0-14,Female,694808,0.25,0.07,16.42,17.97
2023,NSW,15-24,Male,663262,1.05,0.56,38.36,35.42
2023,NSW,15-24,Female,665643,0.79,0.32,45.0,31.69
2023,NSW,25-44,Male,689419,2.9,2.19,30.93,36.72
2023,NSW,25-44,Female,673982,2.0,1.13,38.65,30.22
2023,NSW,45-64,Male,697044,12.18,10.87,18.56,34.27
2023,NSW,45-64,Female,701267,9.13,6.15,25.24,30.7
2023,NSW,65-74,Male,663676,24.5,28.12,12.8,35.45
2023,NSW,65-74,Female,668573,18.26,15.8,17.31,31.57
2023,NSW,75+,Male,680755,25.0,30.0,10.13,33.68
2023,NSW,75+,Female,649836,21.42,25.1,14.1,30.86
2023,VIC,0-14,Male,531269,0.35,0.14,12.62,20.97
2023,VIC,0-14,Female,541120,0.26,0.08,17.25,18.89
2023,VIC,15-24,Male,573197,1.01,0.54,37.1,34.26
2023,VIC,15-24,Female,553846,0.81,0.33,45.0,32.53
2023,VIC,25-44,Male,543933,2.6,1.96,27.77,32.97
2023,VIC,25-44,Female,539848,2.16,1.23,41.86,32.73
2023,VIC,45-64,Male,537884,13.07,11.67,19.92,36.78
2023,VIC,45-64,Female,544681,9.54,6.42,26.38,32.08
2023,VIC,65-74,Male,544081,24.69,28.34,12.9,35.73
2023,VIC,65-74,Female,548538,18.57,16.07,17.6,32.1
2023,VIC,75+,Male,556488,25.0,30.0,10.36,34.45
2023,VIC,75+,Female,550164,22.74,26.65,14.97,32.76
2023,QLD,0-14,Male,450573,0.34,0.14,12.59,20.93
2023,QLD,0-14,Female,440787,0.27,0.08,17.62,19.29
2023,QLD,15-24,Male,458557,1.06,0.57,38.6,35.64
2023,QLD,15-24,Female,450337,0.76,0.31,45.0,30.71
2023,QLD,25-44,Male,445435,2.59,1.95,27.63,32.81
2023,QLD,25-44,Female,447842,2.28,1.3,44.12,34.5
2023,QLD,45-64,Male,438537,12.7,11.34,19.35,35.74
2023,QLD,45-64,Female,441272,9.67,6.51,26.72,32.49
2023,QLD,65-74,Male,440937,23.76,27.27,12.41,34.38
2023,QLD,65-74,Female,436702,18.92,16.37,17.93,32.71
2023,QLD,75+,Male,431442,25.0,30.0,10.33,34.35
2023,QLD,75+,Female,448345,22.88,26.81,15.06,32.96
2023,WA,0-14,Male,236563,0.35,0.14,12.93,21.49
2023,WA,0-14,Female,233902,0.27,0.08,17.85,19.54
2023,WA,15-24,Male,231658,1.06,0.57,38.91,35.93
2023,WA,15-24,Female,242360,0.79,0.32,45.0,31.76
2023,WA,25-44,Male,228992,2.75,2.07,29.36,34.85
2023,WA,25-44,Female,233252,2.18,1.24,42.23,33.02
2023,WA,45-64,Male,237294,11.91,10.63,18.14,33.5
2023,WA,45-64,Female,226926,9.62,6.47,26.58,32.33
2023,WA,65-74,Male,234987,25.0,29.5,13.42,37.18
2023,WA,65-74,Female,240332,17.82,15.42,16.89,30.81
2023,WA,75+,Male,232036,25.0,30.0,10.96,36.43
2023,WA,75+,Female,232822,23.96,28.08,15.77,34.52
2023,SA,0-14,Male,149688,0.35,0.14,12.8,21.27
2023,SA,0-14,Female,153137,0.27,0.08,18.2,19.92
2023,SA,15-24,Male,149294,1.05,0.56,38.46,35.52
2023,SA,15-24,Female,151479,0.81,0.33,45.0,32.62
2023,SA,25-44,Male,147226,2.65,2.0,28.3,33.6
2023,SA,25-44,Female,143797,2.19,1.25,42.44,33.19
2023,SA,45-64,Male,150241,12.72,11.36,19.38,35.79
2023,SA,45-64,Female,150194,10.16,6.84,28.08,34.15
2023,SA,65-74,Male,150487,25.0,28.9,13.15,36.43
2023,SA,65-74,Female,153927,18.86,16.32,17.87,32.6
2023,SA,75+,Male,154715,25.0,30.0,10.48,34.84
2023,SA,75+,Female,152585,21.63,25.35,14.23,31.16
2023,TAS,0-14,Male,48253,0.36,0.15,13.29,22.08
2023,TAS,0-14,Female,46897,0.29,0.09,19.15,20.96
2023,TAS,15-24,Male,46677,0.99,0.53,36.32,33.54
2023,TAS,15-24,Female,48099,0.83,0.33,45.0,33.31
2023,TAS,25-44,Male,46555,2.82,2.12,30.02,35.64
2023,TAS,25-44,Female,46458,2.21,1.26,42.78,33.45
2023,TAS,45-64,Male,50346,13.2,11.79,20.11,37.14
2023,TAS,45-64,Female,48180,9.8,6.59,27.07,32.93
2023,TAS,65-74,Male,45900,24.05,27.6,12.56,34.79
2023,TAS,65-74,Female,46584,18.32,15.85,17.36,31.67
2023,TAS,75+,Male,49265,25.0,30.0,10.06,33.44
2023,TAS,75+,Female,47986,22.77,26.69,14.99,32.81
2023,ACT,0-14,Male,37926,0.35,0.14,12.66,21.03
2023,ACT,0-14,Female,38033,0.28,0.08,18.47,20.22
2023,ACT,15-24,Male,37909,1.07,0.58,39.26,36.25
2023,ACT,15-24,Female,36987,0.79,0.32,45.0,32.01
2023,ACT,25-44,Male,37859,2.58,1.94,27.53,32.69
2023,ACT,25-44,Female,37079,2.15,1.22,41.6,32.53
2023,ACT,45-64,Male,38099,12.6,11.25,19.19,35.45
2023,ACT,45-64,Female,37361,8.82,5.94,24.38,29.65
2023,ACT,65-74,Male,38352,24.93,28.62,13.02,36.07
2023,ACT,65-74,Female,38178,17.91,15.5,16.97,30.95
2023,ACT,75+,Male,38649,25.0,30.0,11.11,36.95
2023,ACT,75+,Female,37702,22.44,26.3,14.77,32.33
2023,NT,0-14,Male,20960,0.34,0.14,12.49,20.76
2023,NT,0-14,Female,21028,0.27,0.08,17.93,19.62
2023,NT,15-24,Male,21106,1.06,0.57,38.64,35.68
2023,NT,15-24,Female,21092,0.81,0.33,45.0,32.57
2023,NT,25-44,Male,20432,2.9,2.19,30.94,36.73
2023,NT,25-44,Female,21407,1.99,1.13,38.5,30.1
2023,NT,45-64,Male,20054,12.75,11.38,19.42,35.86
2023,NT,45-64,Female,21087,9.38,6.31,25.92,31.53
2023,NT,65-74,Male,20553,24.26,27.84,12.67,35.1
2023,NT,65-74,Female,20331,19.82,17.16,18.79,34.27
2023,NT,75+,Male,20854,25.0,30.0,10.34,34.36
2023,NT,75+,Female,20972,22.88,26.81,15.06,32.96
